[{"id":"user-image-fieldgym_logo.svg","publicUrl":"np://user.desktop.nicepage.com/Site_34985817/images/fieldgym_logo.svg","size":14878,"hash":"QAKWTfclpP5dLWhBFFpOa/iL0SU=","fileName":"fieldgym_logo.svg","name":"fieldgym_logo","width":120,"height":39,"thumbnail":{"url":"np://user.desktop.nicepage.com/Site_34985817/images/fieldgym_logo.svg","width":120,"height":39,"length":14878,"type":"svg"},"folderId":null,"usages":[]},{"id":"user-image-775497.png","publicUrl":"np://user.desktop.nicepage.com/Site_34985817/images/775497.png","size":6206,"hash":"EOGXu3Lge70En743RG7QPYH/5vE=","fileName":"775497.png","name":"775497","width":128,"height":128,"thumbnail":{"url":"np://user.desktop.nicepage.com/Site_34985817/images/thumbnails/775497.png","width":128,"height":128,"length":6206,"type":"png"},"folderId":null,"usages":["32099077"]},{"id":"user-image-noise.png","publicUrl":"np://user.desktop.nicepage.com/Site_34985817/images/noise.png","size":80149,"hash":"vuatkQWav8bzBWESeQWCQQr72xs=","fileName":"noise.png","name":"noise","width":220,"height":220,"thumbnail":{"url":"np://user.desktop.nicepage.com/Site_34985817/images/thumbnails/noise.png","width":220,"height":220,"length":80149,"type":"png"},"folderId":null,"usages":["32099077"]},{"id":"user-image-3188434.png","publicUrl":"np://user.desktop.nicepage.com/Site_34985817/images/3188434.png","size":2966,"hash":"zSaZJ4ffKuNIACNSby0wwf7IAJY=","fileName":"3188434.png","name":"3188434","width":128,"height":128,"thumbnail":{"url":"np://user.desktop.nicepage.com/Site_34985817/images/thumbnails/3188434.png","width":128,"height":128,"length":2966,"type":"png"},"folderId":null,"usages":["32099077"]},{"id":"user-image-a24cc6660de7b00f1987201e576a5c19266d3efb860fe5b050f1bd5b98e783e4c6b9e2b7cca35d08e123d32fb3a9dc1761fae4580821cd911a46a3_1280.jpg","publicUrl":"np://user.desktop.nicepage.com/Site_34985817/images/a24cc6660de7b00f1987201e576a5c19266d3efb860fe5b050f1bd5b98e783e4c6b9e2b7cca35d08e123d32fb3a9dc1761fae4580821cd911a46a3_1280.jpg","size":231638,"hash":"M+ZXH9/qc/qST3rga7TIIXrbiQ8=","fileName":"a24cc6660de7b00f1987201e576a5c19266d3efb860fe5b050f1bd5b98e783e4c6b9e2b7cca35d08e123d32fb3a9dc1761fae4580821cd911a46a3_1280.jpg","name":"a24cc6660de7b00f1987201e576a5c19266d3efb860fe5b050f1bd5b98e783e4c6b9e2b7cca35d08e123d32fb3a9dc1761fae4580821cd911a46a3_1280","width":1280,"height":853,"thumbnail":{"url":"np://user.desktop.nicepage.com/Site_34985817/images/thumbnails/a24cc6660de7b00f1987201e576a5c19266d3efb860fe5b050f1bd5b98e783e4c6b9e2b7cca35d08e123d32fb3a9dc1761fae4580821cd911a46a3_1280.jpg","width":250,"height":167},"folderId":null,"usages":["32099077"]},{"id":"user-image-535188.png","publicUrl":"np://user.desktop.nicepage.com/Site_34985817/images/535188.png","size":3524,"hash":"GUfeQu9FuySqT4BS7+B/QVuJ8Ko=","fileName":"535188.png","name":"535188","width":128,"height":128,"thumbnail":{"url":"np://user.desktop.nicepage.com/Site_34985817/images/thumbnails/535188.png","width":128,"height":128,"length":3524,"type":"png"},"folderId":null,"usages":["32099077"]},{"id":"user-image-9Z7A2801.jpg","publicUrl":"np://user.desktop.nicepage.com/Site_34985817/images/9Z7A2801.jpg","size":3007766,"hash":"rC9nqqQKZJ1pJnVFEtTaZDcbUOg=","fileName":"9Z7A2801.jpg","name":"9Z7A2801","width":5472,"height":3648,"thumbnail":{"url":"np://user.desktop.nicepage.com/Site_34985817/images/thumbnails/9Z7A2801.jpg","width":250,"height":167},"folderId":null,"usages":["32099077"]}]